{
  "type": "gbm_ensemble",
  "n_models": 4,
  "bias_correction": 7.298671910649546,
  "conformal_threshold": 21.36899962951543,
  "individual_maes": [
    12.500216089307832,
    13.225580239301621,
    12.050969440863424,
    15.981175302702967
  ]
}