{
  "naive_baseline": {
    "mae": 8.925681366047746,
    "rmse": 43.95472941976962,
    "r2": 0.43277504516654075,
    "directional_accuracy": 0.8292913982569154
  },
  "catboost_regression": {
    "mae": 10.781911203532554,
    "rmse": 68.3231415686129,
    "r2": -0.3705022795616495,
    "directional_accuracy": 0.8202917771883289
  },
  "catboost_classifier": {
    "accuracy": 0.81176582038651,
    "f1_macro": 0.8069039399766778,
    "f1_weighted": 0.8134928764126892
  },
  "lgbm_regression": {
    "mae": 9.072229560324713,
    "rmse": 41.06101256178644,
    "r2": 0.505002030984334,
    "directional_accuracy": 0.8213338385752179
  }
}