{
  "threshold": 0.7926268998528488,
  "hour_spike_probs": {
    "1": 0.0012433944668946222,
    "2": 0.0003117206982543641,
    "3": 0.0003117206982543641,
    "4": 0.00031084861672365556,
    "5": 0.002175940317065589,
    "6": 0.021759403170655892,
    "7": 0.009325458501709667,
    "8": 0.0052844264843021444,
    "9": 0.006838669567920423,
    "10": 0.004973577867578489,
    "11": 0.004973577867578489,
    "12": 0.009636307118433322,
    "13": 0.015853279452906436,
    "14": 0.03326080198943115,
    "15": 0.05129002175940317,
    "16": 0.05657444824370531,
    "17": 0.046627292508548336,
    "18": 0.031084861672365557,
    "19": 0.033882499222878455,
    "20": 0.023313646254274168,
    "21": 0.004351880634131178,
    "22": 0.0046627292508548334,
    "23": 0.003108486167236556,
    "24": 0.0046641791044776115
  },
  "features": [
    "hour_of_day",
    "day_of_week",
    "month",
    "is_weekend",
    "is_peak_hour",
    "is_holiday",
    "is_summer",
    "dam_lag_1h",
    "dam_lag_4h",
    "dam_lag_24h",
    "dam_lag_168h",
    "rtm_lag_1h",
    "rtm_lag_4h",
    "rtm_lag_24h",
    "rtm_lag_168h",
    "dam_roll_24h_mean",
    "dam_roll_24h_std",
    "dam_roll_24h_min",
    "dam_roll_24h_max",
    "dam_roll_168h_mean",
    "dam_roll_168h_std",
    "dam_roll_168h_min",
    "dam_roll_168h_max",
    "rtm_roll_24h_mean",
    "rtm_roll_24h_std",
    "rtm_roll_24h_min",
    "rtm_roll_24h_max",
    "rtm_roll_168h_mean",
    "rtm_roll_168h_std",
    "rtm_roll_168h_min",
    "rtm_roll_168h_max",
    "dam_rtm_spread",
    "spread_roll_24h_mean",
    "spread_roll_168h_mean",
    "wind_pct",
    "solar_pct",
    "gas_pct",
    "nuclear_pct",
    "coal_pct",
    "hydro_pct",
    "regdn",
    "regup",
    "rrs",
    "nspin",
    "ecrs",
    "reg_spread",
    "total_as_cost",
    "regup_lag_24h",
    "rrs_lag_24h",
    "nspin_lag_24h",
    "total_as_lag_24h",
    "total_as_roll_24h_mean",
    "total_as_roll_24h_std",
    "congestion_pct",
    "loss_pct",
    "energy_pct",
    "congestion_ma_4h",
    "congestion_volatility_24h",
    "high_congestion_flag",
    "gas_gen_mw",
    "gas_cc_gen_mw",
    "coal_gen_mw",
    "nuclear_gen_mw",
    "solar_gen_mw",
    "wind_gen_mw",
    "hydro_gen_mw",
    "biomass_gen_mw",
    "total_gen_mw",
    "renewable_ratio",
    "thermal_ratio",
    "net_load_mw",
    "solar_ramp_1h",
    "wind_ramp_1h",
    "gas_ramp_1h",
    "dam_as_ratio",
    "reg_spread_roll_24h_mean",
    "ecrs_lag_24h",
    "gas_cc_share",
    "wind_ramp_4h",
    "solar_ramp_4h",
    "price_accel",
    "volatility_regime",
    "hour_spike_prob",
    "price_momentum",
    "price_ratio_to_mean",
    "rtm_range_24h"
  ]
}