{
  "threshold": 0.7067360525201795,
  "hour_spike_probs": {
    "1": 0.00426829268292683,
    "2": 0.001829268292682927,
    "3": 0.0009171507184347294,
    "4": 0.0006097560975609756,
    "5": 0.0009146341463414635,
    "6": 0.0024390243902439024,
    "7": 0.019817073170731708,
    "8": 0.007926829268292683,
    "9": 0.006097560975609756,
    "10": 0.006707317073170732,
    "11": 0.005182926829268293,
    "12": 0.0039634146341463415,
    "13": 0.007621951219512195,
    "14": 0.013414634146341463,
    "15": 0.02926829268292683,
    "16": 0.04725609756097561,
    "17": 0.05213414634146341,
    "18": 0.042682926829268296,
    "19": 0.030182926829268292,
    "20": 0.034451219512195125,
    "21": 0.027439024390243903,
    "22": 0.0064024390243902435,
    "23": 0.004878048780487805,
    "24": 0.003353658536585366
  },
  "features": [
    "hour_of_day",
    "day_of_week",
    "month",
    "is_weekend",
    "is_peak_hour",
    "is_holiday",
    "is_summer",
    "dam_lag_1h",
    "dam_lag_4h",
    "dam_lag_24h",
    "dam_lag_168h",
    "rtm_lag_1h",
    "rtm_lag_4h",
    "rtm_lag_24h",
    "rtm_lag_168h",
    "dam_roll_24h_mean",
    "dam_roll_24h_std",
    "dam_roll_24h_min",
    "dam_roll_24h_max",
    "dam_roll_168h_mean",
    "dam_roll_168h_std",
    "dam_roll_168h_min",
    "dam_roll_168h_max",
    "rtm_roll_24h_mean",
    "rtm_roll_24h_std",
    "rtm_roll_24h_min",
    "rtm_roll_24h_max",
    "rtm_roll_168h_mean",
    "rtm_roll_168h_std",
    "rtm_roll_168h_min",
    "rtm_roll_168h_max",
    "dam_rtm_spread",
    "spread_roll_24h_mean",
    "spread_roll_168h_mean",
    "wind_pct",
    "solar_pct",
    "gas_pct",
    "nuclear_pct",
    "coal_pct",
    "hydro_pct",
    "price_accel",
    "volatility_regime",
    "hour_spike_prob",
    "price_momentum",
    "price_ratio_to_mean",
    "rtm_range_24h"
  ]
}