{
  "threshold": 0.7746124674312148,
  "hour_spike_probs": {
    "1": 0.002175940317065589,
    "2": 0.0009325458501709667,
    "3": 0.0006234413965087282,
    "4": 0.0012433944668946222,
    "5": 0.003108486167236556,
    "6": 0.020826857320484924,
    "7": 0.010258004351880633,
    "8": 0.006838669567920423,
    "9": 0.007149518184644078,
    "10": 0.0052844264843021444,
    "11": 0.004973577867578489,
    "12": 0.008082064034815045,
    "13": 0.014920733602735468,
    "14": 0.029219769972023624,
    "15": 0.04787068697544296,
    "16": 0.05346596207646876,
    "17": 0.048803232825613926,
    "18": 0.03232825613926018,
    "19": 0.03761268262356233,
    "20": 0.027976375505129002,
    "21": 0.006838669567920423,
    "22": 0.005906123717749456,
    "23": 0.003730183400683867,
    "24": 0.0046641791044776115
  },
  "features": [
    "hour_of_day",
    "day_of_week",
    "month",
    "is_weekend",
    "is_peak_hour",
    "is_holiday",
    "is_summer",
    "dam_lag_1h",
    "dam_lag_4h",
    "dam_lag_24h",
    "dam_lag_168h",
    "rtm_lag_1h",
    "rtm_lag_4h",
    "rtm_lag_24h",
    "rtm_lag_168h",
    "dam_roll_24h_mean",
    "dam_roll_24h_std",
    "dam_roll_24h_min",
    "dam_roll_24h_max",
    "dam_roll_168h_mean",
    "dam_roll_168h_std",
    "dam_roll_168h_min",
    "dam_roll_168h_max",
    "rtm_roll_24h_mean",
    "rtm_roll_24h_std",
    "rtm_roll_24h_min",
    "rtm_roll_24h_max",
    "rtm_roll_168h_mean",
    "rtm_roll_168h_std",
    "rtm_roll_168h_min",
    "rtm_roll_168h_max",
    "dam_rtm_spread",
    "spread_roll_24h_mean",
    "spread_roll_168h_mean",
    "wind_pct",
    "solar_pct",
    "gas_pct",
    "nuclear_pct",
    "coal_pct",
    "hydro_pct",
    "regdn",
    "regup",
    "rrs",
    "nspin",
    "ecrs",
    "reg_spread",
    "total_as_cost",
    "regup_lag_24h",
    "rrs_lag_24h",
    "nspin_lag_24h",
    "total_as_lag_24h",
    "total_as_roll_24h_mean",
    "total_as_roll_24h_std",
    "congestion_pct",
    "loss_pct",
    "energy_pct",
    "congestion_ma_4h",
    "congestion_volatility_24h",
    "high_congestion_flag",
    "gas_gen_mw",
    "gas_cc_gen_mw",
    "coal_gen_mw",
    "nuclear_gen_mw",
    "solar_gen_mw",
    "wind_gen_mw",
    "hydro_gen_mw",
    "biomass_gen_mw",
    "total_gen_mw",
    "renewable_ratio",
    "thermal_ratio",
    "net_load_mw",
    "solar_ramp_1h",
    "wind_ramp_1h",
    "gas_ramp_1h",
    "dam_as_ratio",
    "reg_spread_roll_24h_mean",
    "ecrs_lag_24h",
    "gas_cc_share",
    "wind_ramp_4h",
    "solar_ramp_4h",
    "price_accel",
    "volatility_regime",
    "hour_spike_prob",
    "price_momentum",
    "price_ratio_to_mean",
    "rtm_range_24h"
  ]
}