{
  "threshold": 0.7982447160456666,
  "hour_spike_probs": {
    "1": 0.0024867889337892445,
    "2": 0.0024937655860349127,
    "3": 0.0006234413965087282,
    "4": 0.001554243083618278,
    "5": 0.003108486167236556,
    "6": 0.022381100404103203,
    "7": 0.010879701585327946,
    "8": 0.007771215418091389,
    "9": 0.007460366801367734,
    "10": 0.009014609884986011,
    "11": 0.009947155735156978,
    "12": 0.019272614236866645,
    "13": 0.032017407522536526,
    "14": 0.04724898974199565,
    "15": 0.0665216039788623,
    "16": 0.07056263599626982,
    "17": 0.05439850792663973,
    "18": 0.036369288156667706,
    "19": 0.03450419645632577,
    "20": 0.027665526888405345,
    "21": 0.0083929126515387,
    "22": 0.006838669567920423,
    "23": 0.004973577867578489,
    "24": 0.0065298507462686565
  },
  "features": [
    "hour_of_day",
    "day_of_week",
    "month",
    "is_weekend",
    "is_peak_hour",
    "is_holiday",
    "is_summer",
    "dam_lag_1h",
    "dam_lag_4h",
    "dam_lag_24h",
    "dam_lag_168h",
    "rtm_lag_1h",
    "rtm_lag_4h",
    "rtm_lag_24h",
    "rtm_lag_168h",
    "dam_roll_24h_mean",
    "dam_roll_24h_std",
    "dam_roll_24h_min",
    "dam_roll_24h_max",
    "dam_roll_168h_mean",
    "dam_roll_168h_std",
    "dam_roll_168h_min",
    "dam_roll_168h_max",
    "rtm_roll_24h_mean",
    "rtm_roll_24h_std",
    "rtm_roll_24h_min",
    "rtm_roll_24h_max",
    "rtm_roll_168h_mean",
    "rtm_roll_168h_std",
    "rtm_roll_168h_min",
    "rtm_roll_168h_max",
    "dam_rtm_spread",
    "spread_roll_24h_mean",
    "spread_roll_168h_mean",
    "wind_pct",
    "solar_pct",
    "gas_pct",
    "nuclear_pct",
    "coal_pct",
    "hydro_pct",
    "regdn",
    "regup",
    "rrs",
    "nspin",
    "ecrs",
    "reg_spread",
    "total_as_cost",
    "regup_lag_24h",
    "rrs_lag_24h",
    "nspin_lag_24h",
    "total_as_lag_24h",
    "total_as_roll_24h_mean",
    "total_as_roll_24h_std",
    "congestion_pct",
    "loss_pct",
    "energy_pct",
    "congestion_ma_4h",
    "congestion_volatility_24h",
    "high_congestion_flag",
    "gas_gen_mw",
    "gas_cc_gen_mw",
    "coal_gen_mw",
    "nuclear_gen_mw",
    "solar_gen_mw",
    "wind_gen_mw",
    "hydro_gen_mw",
    "biomass_gen_mw",
    "total_gen_mw",
    "renewable_ratio",
    "thermal_ratio",
    "net_load_mw",
    "solar_ramp_1h",
    "wind_ramp_1h",
    "gas_ramp_1h",
    "dam_as_ratio",
    "reg_spread_roll_24h_mean",
    "ecrs_lag_24h",
    "gas_cc_share",
    "wind_ramp_4h",
    "solar_ramp_4h",
    "price_accel",
    "volatility_regime",
    "hour_spike_prob",
    "price_momentum",
    "price_ratio_to_mean",
    "rtm_range_24h"
  ]
}