{
  "threshold": 0.7649366000262389,
  "hour_spike_probs": {
    "1": 0.0083929126515387,
    "2": 0.008728179551122194,
    "3": 0.006234413965087282,
    "4": 0.006216972334473112,
    "5": 0.009947155735156978,
    "6": 0.02890892135529997,
    "7": 0.021448554553932235,
    "8": 0.010568852968604289,
    "9": 0.010258004351880633,
    "10": 0.006527820951196767,
    "11": 0.007771215418091389,
    "12": 0.010568852968604289,
    "13": 0.016474976686353747,
    "14": 0.03170655890581287,
    "15": 0.05408765930991607,
    "16": 0.06092632887783649,
    "17": 0.059993783027665525,
    "18": 0.04787068697544296,
    "19": 0.05968293441094187,
    "20": 0.051600870376126824,
    "21": 0.02455704072116879,
    "22": 0.01616412806963009,
    "23": 0.01274479328566988,
    "24": 0.01181592039800995
  },
  "features": [
    "hour_of_day",
    "day_of_week",
    "month",
    "is_weekend",
    "is_peak_hour",
    "is_holiday",
    "is_summer",
    "dam_lag_1h",
    "dam_lag_4h",
    "dam_lag_24h",
    "dam_lag_168h",
    "rtm_lag_1h",
    "rtm_lag_4h",
    "rtm_lag_24h",
    "rtm_lag_168h",
    "dam_roll_24h_mean",
    "dam_roll_24h_std",
    "dam_roll_24h_min",
    "dam_roll_24h_max",
    "dam_roll_168h_mean",
    "dam_roll_168h_std",
    "dam_roll_168h_min",
    "dam_roll_168h_max",
    "rtm_roll_24h_mean",
    "rtm_roll_24h_std",
    "rtm_roll_24h_min",
    "rtm_roll_24h_max",
    "rtm_roll_168h_mean",
    "rtm_roll_168h_std",
    "rtm_roll_168h_min",
    "rtm_roll_168h_max",
    "dam_rtm_spread",
    "spread_roll_24h_mean",
    "spread_roll_168h_mean",
    "wind_pct",
    "solar_pct",
    "gas_pct",
    "nuclear_pct",
    "coal_pct",
    "hydro_pct",
    "regdn",
    "regup",
    "rrs",
    "nspin",
    "ecrs",
    "reg_spread",
    "total_as_cost",
    "regup_lag_24h",
    "rrs_lag_24h",
    "nspin_lag_24h",
    "total_as_lag_24h",
    "total_as_roll_24h_mean",
    "total_as_roll_24h_std",
    "congestion_pct",
    "loss_pct",
    "energy_pct",
    "congestion_ma_4h",
    "congestion_volatility_24h",
    "high_congestion_flag",
    "gas_gen_mw",
    "gas_cc_gen_mw",
    "coal_gen_mw",
    "nuclear_gen_mw",
    "solar_gen_mw",
    "wind_gen_mw",
    "hydro_gen_mw",
    "biomass_gen_mw",
    "total_gen_mw",
    "renewable_ratio",
    "thermal_ratio",
    "net_load_mw",
    "solar_ramp_1h",
    "wind_ramp_1h",
    "gas_ramp_1h",
    "dam_as_ratio",
    "reg_spread_roll_24h_mean",
    "ecrs_lag_24h",
    "gas_cc_share",
    "wind_ramp_4h",
    "solar_ramp_4h",
    "price_accel",
    "volatility_regime",
    "hour_spike_prob",
    "price_momentum",
    "price_ratio_to_mean",
    "rtm_range_24h"
  ]
}