{
  "settlement_point": "HB_BUSAVG",
  "n_trials": 50,
  "best_trial": 10,
  "best_val_pr_auc": 0.45995050725045233,
  "best_params": {
    "num_leaves": 15,
    "learning_rate": 0.010466625876428928,
    "feature_fraction": 0.7522920107729512,
    "bagging_fraction": 0.6819251122545642,
    "min_child_samples": 54,
    "scale_pos_weight": 674.857733237131,
    "reg_alpha": 8.681883420764347,
    "reg_lambda": 3.012114464347715,
    "max_depth": 15,
    "min_split_gain": 0.9950353159955339,
    "bagging_freq": 5
  },
  "tuned_test_metrics": {
    "roc_auc": 0.9843919023334878,
    "pr_auc": 0.301197736680879,
    "precision_at_recall_50": 0.40476190476190477,
    "precision": 0.11926605504587157,
    "recall": 0.8666666666666667,
    "n_positive": 30,
    "n_total": 4344
  },
  "tuned_test_event": {
    "n_events": 3,
    "events_detected": 3,
    "event_recall": 1.0
  }
}