{
  "settlement_point": "LZ_SOUTH",
  "n_trials": 50,
  "best_trial": 14,
  "best_val_pr_auc": 0.49955004816553095,
  "best_params": {
    "num_leaves": 78,
    "learning_rate": 0.05929362653827031,
    "feature_fraction": 0.7922168893469387,
    "bagging_fraction": 0.8607861678189348,
    "min_child_samples": 32,
    "scale_pos_weight": 87.03986065691366,
    "reg_alpha": 3.7369551149024662,
    "reg_lambda": 8.369023367520827,
    "max_depth": -1,
    "min_split_gain": 0.21714676400658978,
    "bagging_freq": 5
  },
  "tuned_test_metrics": {
    "roc_auc": 0.985259944696162,
    "pr_auc": 0.4609732369775926,
    "precision_at_recall_50": 0.375,
    "precision": 0.1779935275080906,
    "recall": 0.9821428571428571,
    "n_positive": 56,
    "n_total": 4344
  },
  "tuned_test_event": {
    "n_events": 4,
    "events_detected": 4,
    "event_recall": 1.0
  }
}