{
  "settlement_point": "LZ_WEST",
  "n_trials": 50,
  "best_trial": 30,
  "best_val_pr_auc": 0.4703889620406359,
  "best_params": {
    "num_leaves": 78,
    "learning_rate": 0.22866503029624538,
    "feature_fraction": 0.5959416316307349,
    "bagging_fraction": 0.7055024942492109,
    "min_child_samples": 14,
    "scale_pos_weight": 58.464133491247836,
    "reg_alpha": 4.450054972698229,
    "reg_lambda": 0.011959914549225847,
    "max_depth": 7,
    "min_split_gain": 0.26733245960320234,
    "bagging_freq": 5
  },
  "tuned_test_metrics": {
    "roc_auc": 0.9276299314772235,
    "pr_auc": 0.6339369722538142,
    "precision_at_recall_50": 0.7526881720430108,
    "precision": 0.07665198237885462,
    "recall": 0.9354838709677419,
    "n_positive": 93,
    "n_total": 4344
  },
  "tuned_test_event": {
    "n_events": 6,
    "events_detected": 6,
    "event_recall": 1.0
  }
}