{
  "regression": {
    "mae": 8.984469528196515,
    "rmse": 38.14509340258562,
    "r2": 0.29369275408355067,
    "naive_mae": 12.57490717602648,
    "improvement": 28.552398817503644
  },
  "binary": {
    "accuracy": 0.7354384665246783,
    "precision": 0.3889105818039828,
    "recall": 0.4353146853146853,
    "f1": 0.4108063518251186,
    "auc": 0.6891296526584684,
    "baseline_accuracy": 0.7881285304194833
  },
  "multiclass": {
    "accuracy": 0.4016112603018798,
    "f1_macro": 0.3206373207135814,
    "f1_weighted": 0.4302374088885209,
    "baseline_accuracy": 0.39188813779053616
  },
  "training_samples": 43193,
  "test_samples": 10799,
  "feature_count": 44,
  "timestamp": "2026-02-01T13:00:52.426276"
}